number,within_refs,cross_refs,commit_refs
7157,['/astropy/astropy/pull/7153'],[],[]
7156,[],[],[]
7153,"['/astropy/astropy/issues/7145', '/astropy/astropy/pull/7157']",[],[]
7148,['/astropy/astropy/issues/7141'],[],[]
7147,"['/astropy/astropy/issues/6806', '/astropy/astropy/issues/7146']",[],[]
7145,"['/astropy/astropy/pull/7153', '/astropy/astropy/issues/6806', '/astropy/astropy/pull/7157']",[],[]
7141,"['/astropy/astropy/pull/7148', '/astropy/astropy/issues/6807']",[],[]
7132,['/astropy/astropy/pull/7126'],[],[]
7131,[],[],[]
7129,"['/astropy/astropy/pull/7126', '/astropy/astropy/pull/7131']",[],[]
7128,['/astropy/astropy/pull/7126'],[],[]
7127,['/astropy/astropy/pull/7126'],[],[]
7107,[],[],[]
7102,[],[],[]
7091,['/astropy/astropy/pull/7024'],[],[]
7081,['/astropy/astropy/pull/7082'],[],[]
7069,['/astropy/astropy/pull/7104'],[],[]
7059,['/astropy/astropy/pull/7114'],[],[]
7051,"['/astropy/astropy/issues/7057', '/astropy/astropy/pull/7105']","['/shbhuk/barycorrpy/issues/5', '/gammapy/gammapy/issues/1248', '/numpy/numpy/issues/10343', '/jobovy/galpy/pull/270', '/nanograv/enterprise/issues/147']",[]
7049,['/astropy/astropy/pull/7107'],[],[]
7026,['/astropy/astropy/issues/6988'],[],[]
7023,"['/astropy/astropy/issues/5131', '/astropy/astropy/pull/7022']",[],[]
7000,[],[],[]
6993,['/astropy/astropy/issues/6760'],[],[]
6987,[],[],[]
6982,['/astropy/astropy/pull/6987'],[],[]
6976,[],[],[]
6969,['/astropy/astropy/issues/6960'],[],[]
6966,['/astropy/astropy/pull/6955'],[],[]
6965,['/astropy/astropy/pull/6967'],[],[]
6960,['/astropy/astropy/pull/6969'],[],[]
6958,[],[],[]
6955,['/astropy/astropy/pull/6959'],[],[]
6953,['/astropy/astropy/pull/6918'],[],[]
6937,"['/astropy/astropy/pull/6976', '/astropy/astropy/issues/7015']",[],[]
6936,[],[],[]
6934,['/astropy/astropy/issues/6255'],[],[]
6921,['/astropy/astropy/pull/6938'],[],[]
6905,[],[],[]
6903,['/astropy/astropy/pull/6821'],[],[]
6899,"['/astropy/astropy/pull/6821', '/astropy/astropy/issues/6838', '/astropy/astropy/pull/6943']",[],[]
6887,"['/astropy/astropy/issues/6837', '/astropy/astropy/pull/6956']",[],[]
6885,[],[],[]
6884,['/astropy/astropy/pull/6885'],[],[]
6862,['/astropy/astropy/pull/6923'],[],[]
6851,[],[],[]
6844,[],[],[]
6841,['/astropy/astropy/pull/6844'],[],[]
6839,"['/astropy/astropy/pull/6821', '/astropy/astropy/pull/6899']",[],[]
6838,"['/astropy/astropy/pull/6821', '/astropy/astropy/issues/6839', '/astropy/astropy/pull/6899']",['/numpy/numpy/pull/10104'],[]
6834,['/astropy/astropy/pull/6993'],[],[]
6832,['/astropy/astropy/pull/6823'],[],[]
6825,['/astropy/astropy/pull/6826'],[],[]
6824,"['/astropy/astropy/pull/6508', '/astropy/astropy/issues/6850']",[],[]
6823,"['/astropy/astropy/pull/6821', '/astropy/astropy/pull/6832']",[],[]
6815,['/astropy/astropy/pull/6818'],[],[]
6812,['/astropy/astropy/pull/6720'],[],[]
6800,[],[],[]
6783,['/astropy/astroplan/pull/325'],[],[]
6779,['/astropy/astropy/pull/6502'],[],[]
6773,[],[],[]
6753,[],[],[]
